No,Keyword,Scenario
1,Texas I-10 fog jackknife truck accident legal liability,An 18-wheeler jackknifes on I-10 near Houston during dense fog causing a multi-car pileup.
2,Florida I-95 heavy rain truck underride death settlement,A passenger vehicle slides under a trailer on I-95 in a downpour because of a missing underride guard.
3,California I-5 truck driver ELD falsification evidence lawyer,A catastrophic crash on I-5 where the truck driver is suspected of tampering with electronic logging devices.
4,NY I-87 black ice tanker spill chemical burn injury claim,A hazmat tanker flips on I-87 due to black ice resulting in severe chemical burns to nearby motorists.
5,Texas I-35 overloaded truck cargo spill TBI lawyer,Unsecured cargo falls from an overweight truck on I-35 striking a car and causing a Traumatic Brain Injury.
6,Florida I-75 motorcycle vs semi truck blind spot paralysis lawyer,A truck changes lanes into a motorcyclist on I-75 leading to a permanent spinal cord injury.
7,California 101 truck tire blowout head-on collision attorney,A front-axle tire blowout on a commercial truck leads to a cross-median head-on collision on Hwy 101.
8,NYC BQE construction zone truck rollover lawsuit,A concrete truck rolls over in a narrow construction zone on the BQE crushing an adjacent vehicle.
9,Texas I-20 truck brake failure rear-end punitive damages,A trucking company is sued for punitive damages after a truck with known brake issues causes a fatal crash.
10,California I-15 downhill brake fade pileup injury claim,A truck loses braking power on the Cajon Pass (I-15) and slams into traffic at the bottom of the grade.
11,Florida I-4 truck driver sleep apnea fatigue accident claim,A driver with undisclosed sleep apnea falls asleep at the wheel on I-4 causing a major collision.
12,Long Island Expressway truck lane change amputation lawsuit,A side-swipe accident by a commercial box truck on the LIE results in a victim losing a limb.
13,Houston port container truck twist lock failure lawsuit,A shipping container detaches from a truck chassis in the Houston port area due to faulty locks.
14,California I-405 truck driver texting while driving lawyer,Mobile phone records prove a truck driver was distracted during a high-speed collision on I-405.
15,Florida I-10 night truck tail light failure accident attorney,A rear-end collision occurs at night because a semi-truck's rear lighting system was non-functional.
16,Dallas truck driver methamphetamine influence accident lawyer,A commercial driver tests positive for meth after a high-impact crash on a Dallas highway.
17,NYC commercial truck turning pedestrian crushing injury lawyer,A pedestrian is crushed against a building by a delivery truck making a tight turn in Manhattan.
18,California Central Valley tule fog 18-wheeler pileup lawyer,A 50-car pileup involving multiple 18-wheelers occurs during a Tule Fog event on Hwy 99.
19,Florida I-95 flying truck tire debris injury claim,A detached semi-truck wheel flies through a windshield on I-95 causing catastrophic facial injuries.
20,Laredo Texas cross-border truck accident international firm,A collision involving a Mexican trucking company at the Laredo border crossing with complex insurance issues.
21,NY I-90 truck roof snow fall injury blinding lawsuit,A massive sheet of ice falls from a truck roof on I-90 shattering a windshield and blinding the driver.
22,California I-5 truck HOS violation 14 hour rule lawyer,Evidence shows a truck driver had been on duty for 16 consecutive hours prior to an I-5 crash.
23,Florida I-75 truck median crossover accident liability,An out-of-control semi-truck crosses the grassy median on I-75 and strikes oncoming traffic.
24,Texas rural road 18-wheeler illegal U-turn death claim,A fatal collision occurs when a truck attempts an illegal U-turn on a dark two-lane Texas farm road.
25,San Francisco steep hill parked truck runaway accident,A parked commercial vehicle rolls down a steep San Francisco street due to a failed parking brake.
26,NY Rochester truck bridge strike non-commercial GPS lawsuit,A truck driver using a standard Google Maps app hits a low bridge causing debris to crush a nearby car.
27,Orlando tourist bus vs truck accident mass tort lawyer,A collision between a semi-truck and a shuttle bus carrying 20 tourists near Disney World.
28,Midland Texas oil field truck driver medical emergency crash,A driver with a history of seizures crashes an oil field water hauler during an active episode.
29,California Highway 99 truck missing side guards accident,A car slides underneath the side of a trailer because the truck lacked required side underride guards.
30,Upstate NY I-81 snow truck failing to use chains liability,A truck slides out of control during a blizzard on I-81 because the driver failed to chain the tires.
31,Texas I-10 semi truck steering axle blowout lawyer,A steering axle tire failure causes an 18-wheeler to lurch into a passenger car on I-10.
32,Florida I-95 truck underride wrongful death survival action,A survival action claim for the conscious pain and suffering of a victim in an underride crash.
33,California I-5 logbook tampering evidence for truck crash,Forensic audit of a truck paper logs reveals systematic falsification of rest periods.
34,NY I-87 tanker truck spill chemical burn medical expert,Expert witness testimony regarding long-term lung damage from a toxic spill on I-87.
35,Texas I-20 semi truck brake failure inspection reports,Maintenance logs show a truck failed three consecutive internal brake inspections before a crash.
36,Florida I-75 motorcycle vs semi truck internal organ damage,A motorcyclist suffers a ruptured spleen and kidney damage after being hit by a truck.
37,California 101 truck tire blowout manufacturer defect lawsuit,A lawsuit targeting the tire manufacturer for a defective sidewall that caused a truck accident.
38,NYC BQE multi-truck pileup spinal fusion surgery lawyer,A victim requires a multi-level spinal fusion after being sandwiched between two trucks on the BQE.
39,Texas I-35 unsecured cargo fall onto highway settlement value,Estimating the settlement value of a claim where a car hit a fallen appliance from a truck.
40,California I-15 runaway truck ramp failure injury attorney,A truck fails to stop at an emergency ramp due to improper ramp maintenance and driver error.
41,Florida I-4 distracted driving commercial truck dashcam footage,Using interior dashcam footage to prove a truck driver was watching a movie during a crash.
42,Long Island Expressway truck blind spot amputation claim,A car is crushed into a jersey barrier by a truck resulting in the driver leg amputation.
43,Houston port truck chassis rust structural failure accident,A rusted container chassis snaps in half while driving causing a catastrophic highway accident.
44,California I-405 truck driver cell phone records subpoena,Attorney subpoenas Verizon records to prove a truck driver was on a call during an I-405 pileup.
45,Florida interstate truck rear-end concussive syndrome lawyer,A victim suffers from permanent Post-Concussion Syndrome after a low-speed truck impact.
46,Dallas truck driver DUI commercial driver license revocation,A civil claim following a truck driver arrest for DUI and subsequent CDL revocation.
47,NYC commercial truck side-swipe lawyer pedestrian hit,A pedestrian is dragged by a delivery van making a right turn in a busy Brooklyn intersection.
48,California Central Valley truck pileup multiple insurance policies,Navigating the insurance layers in a major CA truck crash.
49,Florida I-95 flatbed truck shifting load injury attorney,A heavy steel coil shifts on a flatbed trailer causing the truck to flip onto a passing car.
50,Laredo TX truck accident negligent hiring background check,Suing a carrier for hiring a driver with three previous reckless driving convictions.
51,Texas I-10 heavy fog semi truck crash duty of care,Proving a truck driver violated the Extreme Caution rule during zero-visibility fog.
52,Florida I-95 truck underride guard missing fmcsa violation,Using FMCSA Part 393 violations to prove negligence in a fatal rear-end trailer crash.
53,California I-5 truck driver logbook audit expert witness,Hiring a DOT compliance expert to testify about HOS fraud in a California PI case.
54,NY I-87 tanker truck hazmat suit cleanup injury claim,An injury sustained by a bystander due to toxic fumes during an I-87 tanker cleanup.
55,Texas I-20 overweight truck bridge collapse injury lawyer,A rural bridge collapses under the weight of an illegally overloaded logging truck.
56,Florida I-75 truck blind spot side-swipe car settlement,A car is forced into a ditch on I-75 by a truck driver who failed to check their mirrors.
57,California 101 truck blowout catastrophic engine fire lawsuit,A truck engine catches fire after a blowout trapping the driver of a nearby car in flames.
58,NYC BQE truck accident victim loss of consortium claim,A spouse sues for loss of companionship after their partner is paralyzed in a BQE truck crash.
59,Texas I-35 cargo overflow falling objects brain damage,A loose pipe falls from a flatbed truck on I-35 and impales a trailing vehicle.
60,California I-15 downhill truck air brake system failure,Forensic mechanical analysis of a truck air brake failure on a steep CA mountain pass.
61,Florida I-4 truck driver prescription drug impairment crash,A truck driver crashes while impaired by high-dose narcotics for back pain.
62,NY LIE commercial truck illegal parking shoulder accident,A car strikes a truck that was illegally parked on the LIE shoulder without hazard lights.
63,Houston ship channel truck driving hour violation accident,A crash at the Port of Houston caused by a driver who bypassed ELD logs.
64,California I-405 truck lane splitting motorcycle death claim,A truck merges into a motorcycle lane-splitting in CA resulting in a fatal outcome.
65,Florida truck rear-end accident fractured vertebrae settlement,A victim receives a settlement for a burst fracture of the L1 vertebrae after a truck hit.
66,Dallas 18 wheeler night driving no reflective tape accident,A dark-colored trailer is hit because it lacked federal-mandated retroreflective tape.
67,NYC delivery truck backing up accident crushed legs lawyer,A pedestrian crushed by a grocery delivery truck backing up in a Manhattan alley.
68,California truck pileup expert reconstruction cost estimate,The cost of hiring a reconstructionist for a complex multi-truck accident in Los Angeles.
69,Florida I-95 tandem trailer weaving accident legal help,A wiggle wags accident where a double-trailer truck loses control on I-95.
70,Texas Permian Basin oil field truck fatigue crash law firm,A high-stakes lawsuit involving an exhausted oil field driver in West Texas.
71,NY I-90 frozen road truck jackknife wrongful death lawyer,A lawsuit against a carrier for allowing a driver to operate in impassable NY winter conditions.
72,California I-5 semi truck sleep apnea falsified medical card,A driver is found to have lied on their DOT physical regarding obstructive sleep apnea.
73,Florida I-75 semi truck tire tread separation injury claim,A catastrophic tread separation on a retreaded tire causes a truck to veer into a bus.
74,Texas I-35 flatbed truck chain snapping cargo accident,A rusted tie-down chain snaps releasing a bulldozer into traffic on I-35.
75,NYC truck hitting bicyclist in bike lane wrongful death,A delivery truck driver fails to yield to a cyclist in a protected Manhattan bike lane.
76,California I-210 gravel truck windshield damage personal injury,Flying rocks from an uncovered gravel truck cause a driver to lose control and crash.
77,Florida I-95 reefer truck motor failure cargo spoilage injury,A mechanical failure in a refrigerated unit causes a fire on I-95 leading to a crash.
78,Texas I-10 truck driver failing post-accident drug test,A truck driver tests positive for cocaine immediately following a fatal I-10 collision.
79,California 99 truck driver history of speeding citations lawyer,Suing a company for Negligent Retention of a driver with 5 speeding tickets in one year.
80,NY BQE truck driver heart attack during driving accident,A crash caused by a driver massive heart attack investigating the company health screening.
81,Florida truck jackknife accident neurological expert attorney,Using a neurosurgeon to link a jackknife accident to a victim cognitive decline.
82,Dallas 18 wheeler missing underride guard death settlement,A car underrun accident in Dallas resulting in a multi-million dollar wrongful death payout.
83,NYC box truck illegal right turn crushing accident lawyer,A box truck makes an illegal right-on-red in NYC crushing a cyclist.
84,California I-5 south truck driver 70 hour rule violation,A driver exceeds the 70-hour/8-day limit leading to an exhaustion-based crash near San Diego.
85,Florida truck accident victim future medical expenses expert,Calculating the 30-year cost of care for a truck accident survivor with a brain injury.
86,Texas I-20 semi truck hauling toxic waste spill injury,A crash involving a truck hauling industrial acid on I-20 near Abilene.
87,California Highway 1 truck narrow road rollover death claim,A truck illegally enters the narrow sections of Hwy 1 and rolls over onto a car.
88,NY I-87 semi truck failing to yield right of way attorney,A truck pulls out of a rest area into traffic on I-87 without yielding causing a fatality.
89,Florida I-95 truck driver using tablet while driving crash,A driver is found to be using an iPad for navigation during a rear-end collision on I-95.
90,Houston ship channel fuel truck fire burn center treatment,A victim requires months of skin grafts at a burn center after a tanker fire in Houston.
91,California I-405 truck crash memory loss cognitive impairment,A victim suffers from Executive Dysfunction and memory loss after a CA truck crash.
92,Texas I-35 semi truck steer axle tire blowout accident,Loss of steering control due to a front-tire blowout on an 18-wheeler on I-35.
93,Florida truck driver failed pre-employment drug screening,A company is sued for hiring a driver who failed their initial DOT drug screen.
94,NYC sanitation truck accident wrongful death municipal liability,A fatal accident involving an NYC garbage truck and a pedestrian in Queens.
95,California central valley truck fog sensor failure accident,A truck automatic emergency braking system fails to engage during a fog-related crash.
96,Texas I-10 truck trailer coupling failure highway crash,A trailer detaches from the tractor at highway speeds due to a worn fifth-wheel pin.
97,Florida I-75 truck driver psychiatric history accident lawyer,A driver with a history of violent road rage causes a deliberate collision on I-75.
98,NY I-90 commercial vehicle out of service order violation,A truck is involved in a crash while driving under an active federal Out of Service order.
99,California I-5 livestock truck rollover animal spill injury,A cattle truck rolls over on I-5 causing secondary accidents as animals enter the roadway.
100,US highway truck accident punitive damage multiplier texas,Researching the legal standards for triple-damages in a gross negligence truck case in TX.